1,resume,이력서
2,applicant,"지원자, 신청자"
3,requirement,"필요조건, 요건"
4,meet,"(필요,요구 등을)만족시키다"
5,qualified,"자격있는, 적격의"
6,candidate,"후보자, 지원자"
7,confidence,"확신, 자신, 신임"
8,highly,"매우, 대단히"
9,professional,"전문적인, 직업의, 전문가"
10,interview,"면접, 면접을 보다"
11,hire,고용하다
12,training,"교육, 훈련"
13,reference,"추천서, 참고"
14,position,"일자리, 직책, 두다"
15,achievement,"성취, 달성"
16,impressed,"인상 깊게 생각하는, 감명을 받은"
17,excellent,훌륭한
18,eligible,"자격이 있는, 적격의"
19,identify,"알아보다, 확인하다"
20,associate,관련시키다
21,condition,조건
22,employment,고용
23,lack,"~이 없다, 부족"
24,managerial,관리의
25,diligent,성실한
26,familiar,"익숙한, 친숙한"
27,proficiency,"숙달, 능숙"
28,prospective,"장래의, 미래의"
29,appeal,"관심을 끌다, 매력적이다"
30,specialize,"~을 전공하다, 전문적으로 다루다"
31,apprehensive,"걱정하는, 염려하는"
32,consultant,"고문, 컨설턴트"
33,entitle,자격을 주다
34,degree,학위
35,payroll,"임금대장, 금료명부"
36,recruit,(신입사원등을)모집하다
37,certification,"증명서, 증명"
38,occupation,직업
39,wage,"임금, 급료"
40,attire,"복장, 옷차림새"
41,code,"규범, 관례;암호"
42,concern,"우려, 걱정, 문제, 일, ~을 걱정스럽게 하다; 영향을 미치다, 관련되다."
43,policy,"규정; 보험, 증권"
44,comply,"준수하다, 따르다"
45,regulation,규정
46,exception,예외
47,adhere,"지키다, 고수하다"
48,severely,"엄격하게, 심하게"
49,refrain,"자제하다, 삼가다"
50,permission,"허락, 허가"
51,access,"이용권한, 접근;통로, ~에 접근하다, 도달하다"
52,thoroughly,"철저하게, 완전히, 대단히"
53,revise,"(의견, 계획을)수정하다, 변경하다"
54,approach,"접근법, 처리방법"
55,approval,"승인, 인가"
56,form,"종류, 유형, 양식"
57,immediately,"즉시, 곧"
58,inspection,"점검, 검사"
59,arrangement,"준비, 마련, 주선"
60,procedure,절차
61,negative,"부정적인, 비관적인"
62,mandate,"명령하다, 지시하다, 권한, 지시, 명령"
63,effect,"(법률등의)효력, 효과, 영향, 결과로서 ~을 가져오다"
64,drastically,"심하게, 과감하게, 철저하게"
65,according to,~에 따라
66,enable,(무엇을)가능하게 하다
67,standard,"기준, 표준"
68,constant,"지속적인, 끊임없이 계속하는"
69,act,"법령, 결의서; 행위, 행동, 결정하다, 판결을 내리다, 행동하다"
70,compensation,"보상금, 보상"
71,ban,"금지, 금지하다"
72,obligation,"의무, 책임"
73,authorize,"~을 인가하다, 권한을 부여하다."
74,prohibit,금지하다
75,abolish,"(제도, 법률등을)폐지하다"
76,enforce,"(법률을)시행하다, 집행하다"
77,habit,"습관, 버릇"
78,lagislation,"법률, 법규"
79,restrict,"한정하다, 제한하다"
80,accustomed,익숙한
81,corporatiion,"주식회사, 법인"
82,demanding,"요구가 많은, 힘든"
83,colleague,동료
84,division,부서
85,request,"요청, 요청하다"
86,efficiently,효율적으로
87,manage,~을 경영하다; 가까스로 하다
88,submit,제출하다
89,directly,곧바로
90,remind,"~에게 상기시키다, 일깨우다"
91,instruct,"지시하다, 가르치다"
92,deadline,"마감일, 마감 시간"
93,sample,"견본, 샘플, 표본시식하다, (견본으로 질을)시험하다"
94,notify,"~에게 통지하다, 알리다"
95,perform,"행하다, 실행하다"
96,monitor,"감독하다, 감시하다, 실행하다"
97,deserve,"~할 만하다, ~할 가치가 있다"
98,assignment,"일, 임무, 과제"
99,entire,전체의
100,release,"발표하다, 공개하다, 출시, 발매"
101,extension,"연장, 연기; (전화의)내선"
102,electronically,"컴퓨터 통신망으로, 컴퓨터로"
103,attendance,"출석, 출근"
104,absolutely,"절대적으로, 완전히"
105,delegate,(권한등을)위임하다. 대표
106,attentively,"주의 깊게, 조심스럽게"
107,supervision,감독
108,workshop,"워크숍, 연수"
109,draw,"끌다, 끌어당기다"
110,revision,"수정, 개정"
111,reluctantly,"마지못해, 꺼려하여"
112,acquaint,"~에게 숙지시키다, 잘 알게 하다"
113,convey,(용건을)전달하다
114,check,"검사하다, 조사하다, 확인하다"
115,headquarters,본부
116,file,"(서류를)정리하다, 철하다;(서류, 신청, 고소 등을)정식으로 제기하다, 제출하다"
117,oversee,감독하다 
118,involved,"관여하는, 관계된, 연루된"
119,concentrate,"집중하다, 집중시키다"
120,lax,"(행동 등이)느슨한, 규율에 못 미치는"
121,procrastinate,"미루다, 꾸물거리다"
122,combined,"결합된, 합동의"
123,accomplish,성취하다
124,voluntarily,자발적으로
125,undertake,(일을)떠맡다
126,assume,"(증거는 없으나)사실이라고 생각하다;(책임,역할을)맡다"
127,occasionally,"가끔, 때때로"
128,employee,"직원, 고용인"
129,assist,"돕다, 조력하다"
130,satisfied,"만족하는, 만족스러워하는"
131,manner,"방식, 태도"
132,responsible,"책임이 있는, 책임져야 할"
133,conduct,(업무 등을)수행하다
134,adjust,적응하다
135,personnel,"(집합적)직원, 인원; 인사과"
136,agree,동의하다
137,supervise,"감독하다, 지도하다"
138,coworker,"동료, 협력자"
139,direct,"~에게 길을 안내하다, 가르쳐 주다"
140,confidential,"기밀의, 내밀한"
141,assign,"배정하다, 할당하다"
142,leading,"선도적인, 일류의, 가장 중요한, 선두적인"
143,formal,격식을 갖춘
144,remove,"해임하다, 제거하다"
145,collect,모으다
146,coordinate,조정하다
147,hardly,거의~하지않다
148,abstract,"추상적인, 막연한"
149,directory,주소록
150,accountable,책임이 있는
151,skillfully,"능숙하게, 솜씨있게"
152,exclusive,"독점적인, 배타적인"
153,intention,"의지, 의향"
154,transform,"바꾸다, 변모시키다"
155,respectful,"정중한, 존중하는"
156,duplicate,사본
157,contrary,반대
158,disturbing,"충격적인, 불안감을 주는, 방해하는"
159,engage,"관여하다, 종사하다"
160,foster,"촉진하다, 육성하다"
161,neutrality,"중립성, 중립"
162,widely,널리
163,sophisticated,"(기계가)정교한, 복잡한; 세련된"
164,timely,"시기적절한, 때를 맞춘"
165,realistically,현실적으로
166,promptly,즉시; 정각에
167,accessible,출입할 수 있는; 이용할 수 있는
168,implement,"실시하다, 실행하다"
169,feedback,"의견, 반응"
170,outstanding,우수한; (부채 등이)미지불된
171,inform,~에게 알리다
172,replacement,"교체, 후임자"
173,announcement,"공고, 발표"
174,department,"(조직, 기구의)부서"
175,permanently,"영구적으로, 불변으로"
176,fulfill,"(조건을)만족시키다, (약속, 의무등을)지키다, 이행하다"
177,outline,"개요, 설명하다, 약술하다"
178,explain,설명하다
179,contain,포함하다
180,compile,(자료 등을)편집하다; 모으다
181,subsequent,"차후의, 그 다음의"
182,overview,"개요, 개관"
183,provider,"공급자, 제공자"
184,matter,"문제, 일"
185,expertise,"전문지식, 전문기술"
186,demonstrate,"증명하다; (모형, 실험등으로)설명하다"
187,remainder,나머지
188,essential,"필수적인, 극히 중요한, 본질적인"
189,divide,"분배하다, 나누다"
190,major,"주요한, 중대한"
191,compliance,"(명령, 법규에의)준수"
192,clarify,명확하게 하다
193,face,"(문제 등에)직면하다; 향하다, 마주보다"
194,follow,~을 따라가다; 주시하다; (분명히)이해하다
195,aspect,"관점, 국면"
196,apparently,"보기에 ~한 듯한, 외관상으로는"
197,aware,"알고 있는, 인식하고 있는"
198,extended,"(기간 등을)연장한, 장기간에 걸친"
199,accidentally,"뜻하지 않게, 우연히"
200,advisable,"바람직한, 합당한"
201,concerned,"염려하는, 걱정하는; 관련된"
202,speak,이야기 하다
203,collection,"소장품, 수집물; 징수, 수금"
204,exhibition,전시회
205,celebrity,"유명인사, 명사"
206,live,"(라디오, TV가)생방송인"
207,improvise,"(연주, 연설 등을)즉흥적으로 하다, 즉석에서 만들다."
208,popular,인기있는
209,donation,"기증, 기부"
210,alumni,"동창생들, 졸업생들"
211,present,"제시하다, 현재의, 참석한"
212,admission,입장
213,banquet,"연회, 만찬"
214,anniversary,기념일
215,required,"필수의, 의무적인"
216,succeed,"성공하다, 뒤를 잇다"
217,rest,"쉬다,휴식, 나머지"
218,fund-raising,모금
219,resume,"재개하다, 다시 시작하다"
220,issue,"(출판물의)제 ~호; 문제, 쟁점"
221,subscription,(정기발행물의) 구독
222,appear,"나타나다, 출현하다"
223,accompany,"동행하다, 동반하다"
224,edition,(간행물의)판
225,specifically,"명확하게, 분명히; 특히, 특별히"
226,anonymous,"익명의, 이름을 모르는"
227,commit,"헌신하다, 전념하다"
228,information,"유익한, 정보를 주는"
229,audience,"청중, 관중"
230,author,"작가, 저자"
231,note,주목하다; 특별히 언급하다.
232,antique,골동품
233,manuscript,원고
234,beneficial,"유익한, 이로운"
235,upcoming,"곧 있을, 다가오는"
236,lend,빌려주다
237,current,"현재의,; 현행의, 통용되는"
238,local,"지방의, 고장의"
239,variety,"다양성, 변화"
240,advocate,옹호자
241,contributor,"기고가, 공헌자"
242,defy,"저항하다; (설명,묘사등이)거의 불가능하다"
243,fascinating,"매혹적인, 황홀한"
244,showing,"(영화, 연극의)상영; 전시"
245,survey,설문조사
246,analysis,분석
247,respondent,응답자
248,competition,경쟁
249,consistently,"항상, 일관되게"
250,demand,"수요, 요구하다"
251,do one's utmost,전력을 다하다
252,expand,"확장하다, 확대하다"
253,advanced,"고급의; 진보한, 앞선"
254,postpone,"연기하다, 뒤로 미루다"
255,additional,"추가의, 부가적인"
256,appreciate,고맙게 생각하다; 높이 평가하다; 감상하다
257,demonstration,"설명; 드러냄, 시연"
258,buy,"사다, 구입하다"
259,examine,조사하다
260,effective,"효과적인; (법률 등이)발표되는, 시행되는"
261,like,좋아하다
262,especially,특히
263,closely,"면밀히, 엄밀히"
264,reserve,"예약하다, 지정하다; 보존하다"
265,cooperate,"협력하다, 협동하다"
266,very,"매우, 대단히, 아주"
267,consecutive,연속적인
268,expectation,"예상, 기대"
269,publicize,"공표하다; 광고하다, 선전하다"
270,raise,"높이다, 올리다; (의문을)제기하다"
271,extremely,"극도로, 대단히"
272,affect,"~에 영향을 미치다, 불리하게 작용하다"
273,target,"목표, 목표로 삼다"
274,campaign,"운동, 캠페인"
275,probable,"개연성이 높은, 유망한"
276,focus,"집중시키다, 집중하다"
277,seasonal,"계절의, 계절적인"
278,impact,"영향, 충격"
279,comparison,비교
280,gap,격차
281,mounting,"증가하는, 오르는"
282,reflective,반영하는
283,advertisement,광고
284,marginal,약간의; 주변의
285,customer,고객
286,influence,"~에 영향을 주다, 영향"
287,instantly,"즉각적으로, 즉시"
288,creative,"창조적인, 독창적인"
289,aggressively,적극적으로
290,aim,"~을 겨누다, 목표, 목적"
291,strategy,전략
292,indicate,"보여주다, 나타내다"
293,attract,"끌다, 유인하다"
294,experience,"경험, 체험, 체험하다, 경험하다"
295,analyze,"분석하다, 분석적으로 검토하다"
296,introduce,"(신제품을)발표하다, 소개하다"
297,advise,"조언해주다, 충고하다"
298,subscribe,구독하다
299,absence,"부재; 결근, 결석"
300,means,"방법, 수단"
301,prefer,"(다른 것보다)~을 더 좋아하다, 선호하다"
302,advantage,"이점, 강점"
303,forward,"앞으로, (물건, 정보를)보내다"
304,contemporary,"동시대의; 현대의, 당대의"
305,discussion,"토론, 토의"
306,initial,"처음의, 최초의"
307,steadily,착실하게; 꾸준히
308,necessarily,반드시
309,resolve,(문제 등을)해결하다
310,detect,"간파하다, 탐지하다"
311,intensify,"강화하다, 증대하다, 강렬하게 만들다."
312,favorably,호의적으로; 순조롭게
313,cover,포함하다; 지불하다; 덮다
314,less,"보다 적은, 덜한"
315,majority,"대부분, 대다수"
316,adopt,채택하다
317,largely,"주로, 대부분"
318,disregard,"소홀히 하다, 무시하다"
319,effort,노력
320,incentive,"혜택, 장려금"
321,need,"필요, 요구, 욕구, ~할 필요가 있다."
322,mastermind,"(계획 등의)입안자, 지도자"
323,stagnant,"침체된, 불경기의, "
324,dramatically,극적으로
325,brisk,"활발한, 호황의"
326,unstable,"불안정한, 변하기 쉬운"
327,rapidly,"급속히, 빨리"
328,soar,"(물가 등이)폭등하다, 높이 치솟다"
329,assert,"단언하다, 주장하다 "
330,boost,"(경기를)부양시키다, 상승시키다"
331,analyst,분석가
332,potential,잠재적인
333,pleased,"만족해하는, 기쁜"
334,remain,계속~한 상태이다; 아직 ~해야한다
335,limited,"제한된, 한정된"
336,costly,"비용이 많이 드는, 손실이 큰"
337,particular,"특정한, 독특한, 세심한 "
338,drastic,"과감한, 급격한"
339,evenly,"고르게, 균등하게"
340,evidence,증거
341,prospect,"전망, 예상 "
342,lead,"이글다, 지휘하다; (어떤 결과에)이르다"
343,fall,"(값, 가치가)하락하다"
344,period,"기간, 시기"
345,indicator,"지표, 지수"
346,industry,산업
347,likely,~할 것 같은
348,boom,"붐, 호황"
349,director,"임원, 책임자"
350,substitute,"대용품, 대신하다"
351,consequence,결과
352,fairly,"상당히, 꽤"
353,economical,"경제적인, 절약되는"
354,thrive,"번영하다, 성공하다"
355,implication,"영향, 밀접한 관계"
356,wane,"감소, 감퇴"
357,prosperity,번영 
358,depression,불황 
359,dwindle,"줄어들다, 감소되다"
360,impede,"저해하다, 방해하다"
361,promising,"유망한, 전망이 좋은"
362,adversity,"역경, 불운"
363,purchase,"구매하다, 구매"
364,installment,할부
365,affordable,"(가격이)알맞은, 감당할 수 있는"
366,exactly,정확히
367,auction,경매
368,authentic,"진정한, 진짜의, 진품의"
369,charge,"요금,청구,금액;책임,의무~을 청구하다; (외상으로)달아놓다"
370,notice,"통지, 공고"
371,experienced,"경험이 있는, 노련한, 능숙한"
372,instruction,"설명, 지시 "
373,expert,"전문가, 전문가의, 전문적인"
374,warranty,"(품질 등의)보증, 보증서"
375,refund,"환불, 환불금"
376,subscriber,"가입자, 구독자"
377,delivery,배달
378,price,가격
379,receipt,영수증
380,offer,"제공하다, 제공,오퍼"
381,carefully,"주의깊게, 신중히"
382,benefit,"혜택, 이익, 혜택을 보다, 이익을 얻다"
383,exclusively,"오로지, 독점적으로"
384,description,"(제품등의)설명, 해설"
385,relatively,상대적으로
386,spare,"아끼다, 할애하다, 예비의, 여분의"
387,preparation,"준비, 대비"
388,area,"지역, 구역"
389,clearance,"정리, 없애기; 허가"
390,alter,"(성질, 형상을)고치다, 바꾸다"
391,apply,적용하다; 지원하다
392,mutually,"서로, 상호 간에 "
393,method,"방식, 방법"
394,acceptable,"용인되는, 받아들일 수 있는;훌륭한, 만족스러운"
395,desire,"욕구, 갈망, 원하다, 바라다"
396,redeemable,"(현금,상품과)교환할 수 있는, 환급할 수 있는"
397,officially,공식적으로
398,consumption,"소비(량), 소모 "
399,qualify,~의 자격을 얻다
400,fabric,"섬유, 천"
401,valid,유효한
402,vendor,"노점상, 가판대; 판매업체"
403,research,"연구, 조사"
404,devise,"고안하다, 발명하다"
405,revolutionary,혁명적인
406,innovative,혁신적인
407,feature,"특징, 특색, 특징으로 삼다, 특별히 포함하다"
408,inspiration,영감
409,sufficiently,충분히
410,patent,"특허, 특허권, 특허품"
411,envision,"(장래의 일 등을)계획하다, 상상하다"
412,extend,"연장하다; (기간을)늘리다;(감사의 뜻을)말하다, 베풀다"
413,following,"~후에, 다음의, 다음에 오는"
414,intend,~할 작정이다; 의도하다
415,grant,"(인정하여 정식으로)수여하다, 주다,(연구비, 장학금등의)보조금"
416,allow,"~하게 하다, ~을 허락하다"
417,inspect,"~을 검사하다, 조사하다"
418,improve,"향상시키다, 개선하다"
419,increasingly,"점점, 더욱 더"
420,invest,"투자하다, 운용하다"
421,various,"여러 가지의, 가지각색의"
422,upgrade,"업그레이드, 개량형업그레이드하다, 개선하다"
423,manual,"설명서, 안내서"
424,explore,"조사하다, 탐구하다"
425,response,"응답, 대답"
426,appearance,"외관, 외모"
427,successful,"성공적인, 성공한"
428,hold,"~을 수용하다, ~을 담다;(회의 등을)개최하다, 열다"
429,advance,"진보, 전진"
430,reliable,"믿을 만한, 신뢰할 수 있는"
431,quality,"품질, 질"
432,domestic,"국내의, 국산의"
433,development,"개발, 발전"
434,availability,"(입수)가능성, 유효성, 유용성"
435,update,"갱신, 개정, 갱신하다,최신의 것으로 하다"
436,accurate,정확한
437,complicate,복잡한
438,accomplished,"숙련된, 노련한"
439,inquiry,"문의, 질문"
440,indication,"징후, 조짐"
441,manufacturer,"제조회사, 제조업자"
442,compatible,"호환되는, 양립할 수 있는"
443,superior,"우수한, 상급의"
444,absolute,"완전한, 완전무결한"
445,broaden,넓히다
446,corrosion,부식
447,epuipment,"장비, 설비"
448,automate,자동화하다
449,specification,"명세서, 설명서, 사양"
450,properly,"제대로, 정확하게"
451,safety,안전
452,precaution,"예방조치, 예방책"
453,operate,"(기계 등이)작동하다, 움직이다"
454,processing,"가공, 처리"
455,capacity,"용량, 수용력; 역할"
456,assemble,"(부품,기계 등을)조립하다;(사람을)모으다"
457,utilize,"이용하다, 활용하다"
458,place,"~을-한 상태에 두다;(지시,주문,신청등을)하다"
459,fill,~을 채우다; (주문대로)이행하다
460,manufacturing,제조(업)의
461,renovate,"(낡은 건물, 가구등을)개조하다,수리하다, 보수하다"
462,decision,"결정, 판단"
463,material,"재료, 물질"
464,success,"성과, 성공"
465,attribute,(원인을)~의 덕분으로 돌리다
466,efficiency,"효율, 능률"
467,limit,"한계, 제한"
468,tailored,"맞춤의, 주문에 따라 맞춘"
469,component,"부품, (구성)요소"
470,capable,"~을 할 수 있는, ~할 능력이 있는"
471,economize,"절약하다, 아끼다"
472,flexible,"융통성 있는; 유연한, 잘 구부러지는"
473,comparable,"필적하는, 비교되는"
474,produce,생산하다
475,respectively,"각각, 따로"
476,device,장치
477,trim,"(깍아)다듬다, 없애다; 삭감하다"
478,launch,(신제품을)출시하다
479,separately,"개별적으로, 따로따로"
480,expiration,"(기간,임기 등의)만료, 만기"
481,maneuver,"이동시키다, 움직이다"
482,coming,다가오는
483,damaged,"손상된, 손해를 입은"
484,prevent,"~을 막다, ~을 예방하다"
485,power,"전력, 전기"
486,chemical,화학제품
487,complaint,불평
488,deal,처리하다; 거래하다; 분배하다
489,argumentative,"논쟁적인, 논쟁을 좋아하는"
490,appropriately,적절하게
491,respond,응답하다
492,infuriate,"화나게하다, 격분시키다"
493,curteous,예의바른
494,satisfaction,만족
495,inconvenience,"불편, ~에게 불편을 느끼게 하다"
496,complete,"완료하다, 완성하다, 완료된, 완성된"
497,specific,"구체적인, 명확한"
498,return,"반환하다, 반송하다"
499,replace,"~을 교체하다, 대체하다"
500,presentation,발표
501,evaluation,평가
502,confident,자신 있는
503,cause,"~을 야기하다, ~의 원인이 되다원인"
504,commentary,"해설, 설명"
505,notification,통지
506,apologize,사과하다
507,interact,"소통하다, 교류하다; 상호작용을 하다"
508,certain,"확신하는, 확실한; 특정한"
509,commitment,"헌신, 전념"
510,applaud,~에게 박수를 보내다; 칭찬하다
511,biography,"약력, 전기"
512,critical,비판적인; 중요한; 위기의
513,depend on,"~에 달려 있다, ~에게 의존하다"
514,combine,결합시키다
515,priority,"우선권, 우선사항"
516,observe,"관찰하다, 주시하다;(규칙 등을)준수하다, 지키다"
517,defective,결함이 있는
518,reflect,"반영하다, 나타내다"
519,attitude,"태도, 마음가짐"
520,disappoint,실망시키다
521,inquire,"문의하다, 질문하다"
522,insert,삽입하다
523,disclose,"공개하다, 드러내다"
524,guarantee,"보장하다, 보장"
525,politely,"공손하게, 예의바르게"
526,seriously,진지하게
527,international,국제적인
528,attraction,관광 명소
529,itinerary,여행 일정
530,exotic,"이국적인, 매혹적인"
531,diverse,다양한
532,superb,"최고의, 뛰어난"
533,baggage,수화물
534,destination,목적지
535,missing,"분실된, 없어진"
536,locate,(~의 위치를)찾아내다;~을 위치시키다
537,approximately,대략
538,duty,"관세,세금; 직무,의무"
539,process,"과정, 처리하다"
540,board,"탑승하다, 이사회"
541,comfortable,편안한
542,declare,(세관에서)신고하다
543,specify,명시하다 
544,depart,출발하다
545,emergency,"비상시, 비상 사태"
546,passenger,승객
547,outgoing,"(장소를)출발하는, 떠나는;(지위를)떠나는"
548,tighly,"단단히, 꽉"
549,tour,"(공장,시설 등의)견학, 짧은 여행"
550,carrier,"항공사, 수송기, 수송 회사"
551,customarily,"관례상, 습관적으로"
552,confuse,혼란시키다 
553,arrive,도착하다
554,brochure,"(홍보용)소책자, 브로셔"
555,involve,"수반하다, 포함하다; 참여시키다"
556,ship,"(배나 다른 운송 수단으로)운송하다, 수송하다, 선박, 배"
557,suitcase,여행가방
558,unavailable,"이용할 수 없는, 구할 수 없는"
559,fill out/in,"(서류에)기입하다, 적어 넣다"
560,customs,세관
561,away,떨어져서
562,dramatic,"멋진, 극적인; 급격한"
563,hospitality,"환대, 친절"
564,indulge,"빠지다, 탐닉하다"
565,proximity,"가까움, 근접함"
566,seating,(집합적)좌석 설비; 좌석 배열
567,unlimited,무제한의
568,proposal,"제안, 계획"
569,alliance,"동맹, 제휴"
570,stipulation,계약 조건
571,term,"조건; 임기, 기한"
572,compromise,"타협, 화해"
573,negotiation,"협상, 교섭"
574,agreement,"계약, 협정; 합의"
575,deadlock,교착 상태
576,review,"검토하다, 재조사하다"
577,contract,"계약(서),계약하다, 수축하다"
578,signature,서명
579,originally,"원래, 처음에는"
580,direction,"방향, 지시, 감독"
581,initially,"처음에, 초기에"
582,expire,(계약등이)만료되다
583,collaborate,"협력하다, 공동으로 일하다"
584,dedicate,"전념하다, 헌신하다, 바치다"
585,revised,"수정된, 변경된"
586,imperative,"반드시 해야 하는, 필수적인"
587,cooperatively,"협력하여, 협조적으로"
588,commission,"수수료, 커미션; 위원회(일 등을)의뢰하다, 주문하다"
589,omit,"빠뜨리다, 생략하다"
590,conflict,"대립, 충돌, 갈등"
591,renew,(계약 등을)갱신하다
592,proficient,"능숙한, 능한"
593,confidentiality,"기밀, 비밀"
594,dispute,"분쟁, 논쟁"
595,objection,"반대, 이익"
596,define,"규정하다, 정의하다"
597,impression,인상
598,security,"보안, 안전, 보호"
599,option,선택권
600,proceed,"(일을)진행하다, 진척되다"
601,modify,"수정하다, 일부 변경하다"
602,narrow,(범위 등을)좁히다
603,bid,입찰
604,settle,"해결하다, 처리하다"
605,terminate,"끝내다, 종결시키다"
606,challenging,"도전적인, 힘든"
607,foundation,"토대, 기초"
608,completely,"전적으로, 완전히"
609,refuse,거절하다
610,temporarily,일시적으로
611,dealer,"판매업자, 상인"
612,bulk,대량의
613,inventory,"재고품, 재고목록"
614,short,부족한
615,cost,비용
616,selection,"선택된 것, 정선품"
617,commercial,"상업의, 상업적인, 광고"
618,order,"주문하다, 주문, 주문품"
619,provide,"공급하다, 제공하다"
620,contact,"~와 연락하다,(상업적 목적으로)교섭하고 있는 사람"
621,invoice,송장
622,move,"옮기다, 움직이다, 조치, 수단;이동, 이사"
623,supply,"공급하다, 공급; (-s)비품, 소모품"
624,discount,할인
625,distribute,"배포하다, 배급하다"
626,acquisition,인수; 구입한 것
627,assure,"~에게 보장하다, ~을 안심시키다, 장담하다"
628,subject,"~의 영향을 받기 쉬운;(동의 등을)조건으로 하는,~에게(~을) 받게 하다"
629,seek,"구하다, 찾다"
630,satisfactory,만족스러운
631,confirmation,"확인, 확증"
632,unable,~할 수 없는
633,payment,"지불(금액),납입(금액)"
634,measure,"대책, 조치, 수단측정하다"
635,bargain,"특가품, 흥정"
636,stock,재고; 주식
637,affordability,감당할 수 있는 비용
638,clientele,"(집합적)고객들,(변호사,건축가 등의)모든 의뢰인"
639,acclaim,"호평, 찬사"
640,represent,~을 대표하다
641,rating,"등급, 평가"
642,encompass,"포함하다, 둘러싸다"
643,finalize,"마무리 짓다, 완결하다"
644,market,시장
645,retail,소매
646,commodity,"상품, 산물"
647,quote,"견적(액), 견적을 내다"
648,consignment,위탁 판매
649,fragile,깨지기 쉬운
650,perishable,부패하기 쉬운
651,deliver,배달하다; (연설을)하다
652,ensure,"확실하게 하다, 보장하다"
653,courier,"급송 택배, 운반인"
654,carton,(큰)판지상자
655,address,"주소,(어려운 문제 등을)처리하다,다루다"
656,shipment,"선적, (화물의)발송;수송품, 적하물"
657,particularly,특히
658,adequately,적절히
659,article,"물품, 물건; 기사, 논설"
660,efficient,"(기계, 방법 등이)효과적인,능률적인"
661,agency,"대행 회사, 대리점"
662,enclose,"~을 동봉하다; ~을 둘러싸다, 애워싸다"
663,careful,"조심스러운, 주의 깊은"
664,pick up,"~을 찾다; (사람,물건 등을) 도중에 태우다"
665,carry,"지니다; (물건을)팔다, 가게에 놓다"
666,attach,"붙이다, 접착하다, 첨부하다"
667,formerly,이전에
668,package,"소포, 꾸러미"
669,react,"반응하다, 대응하다"
670,content,내용물
671,convenience,"편의, 편리"
672,acknowledge,"인정하다; (편지 등의)수령을 알리다, 감사하다"
673,caution,"주의, 조심"
674,correspondence,"편지, 통신문"
675,separate,분리하다; 분류하다
676,remarkable,"현저한, 두드러진"
677,handle,"취급하다, 다루다"
678,warehouse,"창고, 저장소"
679,impose,(세금 등을)부과하다
680,storage,"보관소, 저장소"
681,detach,"분리하다, 떼다"
682,envelope,봉투
683,exclusion,"제외, 배제"
684,recipient,수신자
685,affix,(우표 등을)붙이다
686,incorrect,부정확한
687,oblige,"어쩔 수 없이 ~하게 하다,~에게 강요하다"
688,step,"단계; 조치, 수단"
689,check in,"체크인하다, 숙박 수속을 하다"
690,compensate,보상하다
691,complimentary,"무료의, 우대의"
692,chef,주방장
693,container,"용기, 그릇"
694,elegant,"우아한, 고상한"
695,flavor,"맛, 풍미"
696,accommodate,"(건물 등이)~을 수용하다, 숙박시키다;(충분한 공간을) 제공하다(조건, 요구 등을)만족시키다"
697,available,(사물이)이용 가능한;(사람이) 시간이 있는
698,reception,"환영회; (호텔, 회사, 병원 등의)접수처"
699,in advance,"미리, 사전에"
700,refreshments,"다과, 가벼운 음식물"
701,make,"~을 하다, ~을 만들다"
702,cater,(연회 등의)음식물을 공급하다
703,reservation,"예약, 지정; 보호구역"
704,beverage,음료
705,confirm,확인하다
706,cancel,취소하다
707,rate,요금
708,conviniently,편리하게
709,decorate,장식하다
710,information,"정보, 자료"
711,retain,"유지하다, 보유하다"
712,atmosphere,"분위기, 환경"
713,cuisine,(독특한)요리
714,sequence,"순서, 차례"
715,extensive,"광범위한, 넓은"
716,prior,"전의, 먼저의"
717,book,예약하다
718,amenity,편의 시설
719,belongings,"소지품, 소유물"
720,entirely,완전히
721,ease,"완화시키다, 쉬움, 용이함"
722,ingredient,"재료, 성분"
723,sip,"음미하며 마시다, 홀짝거리다"
724,stir,"휘젓다, 뒤섞다"
725,choice,"선택물, 선택 사항, 선택"
726,complication,복잡한 문제
727,freshness,신선함
728,occupancy,(호텔등의)이용률
729,decline,"감소, 하락,(초대,신청을)거절하다"
730,markedly,"현저하게, 눈에 띄게"
731,increase,"인상, 증가, 증가하다"
732,revenue,수입
733,projection,예상(치)
734,substantial,상당한
735,anticipate,"예상하다, 기대하다"
736,significantly,"상당히, 두드러지게"
737,estimate,"추정하다, 추산하다, 추정(치), 추산"
738,shift,"옮기다, 이동하다, 변화, 교대근무"
739,fee,"요금, 수수료"
740,production,"생산량, 생산"
741,sale,"(-s)매출액, 매상고; (할인)판매"
742,impressive,"굉장한, 인상적인"
743,representative,"직원, 외판원; 대표자"
744,recent,최근의
745,exceed,~을 초과하다
746,improvement,향상
747,employer,고용주
748,regular,정기적인; 단골의
749,summarize,요약하다
750,typically,"보통, 일반적으로"
751,whole,"전체의, 온전한"
752,growth,"성장, 발전"
753,figure,"총액, 합계 수"
754,steady,꾸준한; 안정된
755,frequent,"빈번한, 잦은"
756,achieve,"달성하다, 성취하다"
757,assumption,"추정, 산정, 가정"
758,share,"공유하다, 함께쓰다;(생각, 경험, 감정을 남과)함께 나누다몫, 지분"
759,incur,"(손실을)입다, (빚을)지다"
760,slightly,약간
761,profit,"수익, 이익"
762,reliant,"의존하는, 의지하는"
763,illustrate,"분명히 보여주다, 설명하다"
764,inaccurate,부정확한
765,percentage,"비율, 백분율"
766,reduce,"줄이다, 감소시키다"
767,tend,"~하는 경향이 있다, ~하기 쉽다"
768,audit,"회계 감사, 심사"
769,accounting,회계
770,budget,예산
771,financial,"재정의, 금전상의"
772,curtail,"~을 줄이다, 삭감하다"
773,deficit,"적자, 부족액"
774,recently,최근에
775,substantially,"크게, 상당히"
776,committee,위원회
777,frequently,"자주, 흔히"
778,capability,"능력, 역량"
779,proceeds,수익금
780,reimburse,"변제하다, 상환하다"
781,considerably,"상당히, 많이"
782,adequate,"충분한, 적절한"
783,total,"총계의, 전부의"
784,allocate,"할당하다, 배분하다"
785,inspector,"조사관, 감독관"
786,preferred,"선호되는, 우선의"
787,quarter,사분기; 4분의1
788,interrupt,"중단시키다, 방해하다"
789,browse,"흝어보다, 둘러보다"
790,prompt,"즉각적인; 신속한, 촉발하다, 유도하다"
791,deduct,"공제하다, 빼다"
792,measurement,"측정, 측량; 치수"
793,shorten,"단축하다, 짧게하다"
794,amend,수정하다
795,calculate,"계산하다, 산출하다"
796,exempt,"면제된, ~이 없는"
797,deficient,"부족한, 불충분한"
798,compare,비교하다
799,fortunate,운 좋은
800,expenditure,"지출, 비용"
801,accurately,정확하게
802,worth,"~의 가치가 있는, (얼마)어치, 가치"
803,excess,"초과, 초과량"
804,fiscal,"회계의, 재정상의"
805,incidental,부수적인
806,inflation,"물가상승, 인플레이션, 통화팽창"
807,liable,책임져야 할; ~하기 쉬운
808,spend,"~을 쓰다, 소비하다"
809,turnover,"총 매상고, 거래액; 이직률"
810,announce,발표하다
811,interested,관련 있는; 관심이 있는
812,active,"적극적인, 활발한"
813,accept,"수락하다, 승낙하다"
814,foresee,"예견하다, 예감하다"
815,expansion,"확장, 팽창"
816,relocate,(공장 등을)이전하다
817,competitor,"경쟁업체, 경쟁자"
818,asset,자산
819,contribute,"기여하다, 공헌하다"
820,dedicated,"(목표 등에)전념하는, 헌신적인"
821,misplace,"잃어버리다, 위치를 잘못 잡다"
822,considerable,(정도나 양이)상당한
823,last,지속되다
824,emerge,"부상하다, 나타나다"
825,grow,"성장하다, 성장시키다, 증가시키다"
826,select,"선발하다, 선택하다"
827,merge,"합병하다, 병합하다"
828,imply,"암시하다, 넌지시 나타내다, 의미하다"
829,vital,필수적인
830,persist,"(집요하게)계속하다, 계속되다, 지속되다"
831,independent,"독립적인, 독자적인"
832,force,세력
833,establish,설립하다
834,initiate,"(사업 등을) 착수하다, 시작하다"
835,enhance,"(질 등을) 향상시키다, 높이다, 강화하다"
836,renowned,"저명한, 유명한, 명성이 있는"
837,informed,정보에 근거한
838,minutes,회의록
839,waive,"(규칙 등을)적용하지 않다,
(권리,청구등을)포기하다"
840,reach,"(치수,양 등이)~에 달하다;~에 도착하다"
841,authority,권한; 당국
842,acquire,"매입하다, 취득하다"
843,surpass,"~을 능가하다, 넘어서다"
844,run,"~을 운영하다, 경영하다"
845,improbable,"사실이라고 생각할 수 없는,일어날 것 같지 않은"
846,edge,"우위, 유리함; 가장자리, 끝"
847,simultaneously,동시에
848,reveal,"밝히다, 누설하다"
849,productivity,생산성
850,uncertain,"확신이 없는, 불확실한"
851,premier,"으뜸의, 첫째의"
852,agenda,"의제, 의사일정"
853,convene,"(회원 등이)모이다, (회의가)개최되다"
854,refute,"부인하다, 반박하다"
855,coordination,조정
856,unanimous,"만장일치의, 동의하는"
857,convince,"납득시키다, 확신시키다"
858,consensus,"여론, 일치된 의견"
859,defer,"연기하다, 미루다"
860,usually,"보통, 일반적으로"
861,reschedule,일정을 바꾸다
862,meeting,회의
863,determine,"알아내다; 결정하다, 확정하다"
864,report,"보고하다; 출두하다,(직장,회의 등에 도착을)알리다,보고서; 보도, 기록"
865,comment,"논평하다, 언급하다"
866,phase,단계
867,approve,"승인하다, 찬성하다"
868,enclosed,동봉된
869,easy,"쉬운, 용이한"
870,record,"기록; 경력, 이력, 기록하다"
871,suggestion,제안
872,attention,"주의, 경청"
873,object,반대하다
874,coincidentally,"우연히, 일치하게, 동시 발생적으로"
875,crowded,"붐비는, 복잡한"
876,undergo,"겪다, 거치다, 경험하다"
877,outcome,결과
878,narrowly,"주의 깊게, 좁게; 가까스로, 간신히, 겨우"
879,differ,"의견을 달리하다, 다르다"
880,discuss,"논의하다, 토론하다"
881,give,"(연설, 수업 등을)하다"
882,brief,"~에게 간단히 설명하다, 브리핑하다"
883,distract,"(주의를)산만하게 하다, 빗기게 하다"
884,emphasis,"강조, 중점"
885,press,"언론(계),보도기관, 누르다"
886,organize,"준비하다, 조직하다, 정리하다"
887,mention,언급하다
888,persuasive,설득력 있는
889,understanding,이해심 있는
890,adjourn,(회의 등을)휴회하다
891,constructive,건설적인
892,preside,"(회의의)사회를 보다, ~의 의장을 맡아보다"
893,irrelevant,"관계가 없는, 무관한"
894,constraint,제한
895,host,(대회 등을)주최하다
896,annual,매년의
897,purpose,"목적, 의도"
898,enroll,등록하다
899,lecture,"강의, 강연"
900,participant,참가자
901,attend,"참석하다, 출석하다"
902,encourage,"장려하다, 복돋아주다"
903,leave,"휴가, 떠나다, 남기다"
904,recommendation,"추천사항, 추천"
905,conference,"회의, 회담"
906,schedule,~을 예정하다
907,include,포함하다
908,result,"결과,(~의 결과로)되다"
909,register,등록하다
910,require,요구하다
911,grateful,"고마워하는, 감사하는"
912,overtime,"초과근무, 야근"
913,responsibility,"부담, 책임, 의무"
914,assent,"찬성하다, 승인, 동의"
915,regard,"~을 -으로 간주하다, 여기다,관심,배려"
916,tentative,"임시적인, 잠정적인"
917,welcome,"반가운, 기꺼이 받아들여지는"
918,function,"행사, 연회"
919,commence,시작되다
920,objective,"목표, 목적"
921,excited,"신이 난, 들뜬"
922,reimbursement,"상환, 변제, 배상"
923,treatment,"대우, 처우"
924,honor,"존경, 명예"
925,emphasize,강조하다
926,entry,"(경기 등의)참가자, 출품물"
927,bonus,"상여금, 보너스"
928,salary,급여
929,earn,"(금전 등을)벌다; (평판을)받다, 얻다"
930,arise,"(문제 등이)발생하다, 일어나다"
931,labor,노동
932,union,노동조합
933,existing,"기존의, 현행의"
934,exploit,"착취하다, 부당하게 이용하다"
935,appoint,"임명하다, 지명하다"
936,appraisal,평가
937,promote,승진시키다; 촉진하다
938,skilled,"숙련된, 노련한"
939,radically,"완전히, 철저히, 근본적으로"
940,exceptional,"뛰어난, 예외적인"
941,appreciation,감사
942,evaluate,평가하다
943,suggest,"제안하다, 추천하다"
944,preference,선호
945,management,"경영진, 경영"
946,predict,예측하다
947,transfer,보내다; 전근시키다
948,award,상
949,mandatory,의무적인
950,competent,"유능한, 능숙한"
951,performance,"실적,성과; 공연,연주, 연기"
952,reward,"~에 보답하다, 보상하다, 포상,보상"
953,search,"찾기, 수색, 조사"
954,inexperienced,"경험없는, 미숙한"
955,early,"시간상 이른, 조기의"
956,designate,"지명하다, 지정하다"
957,executive,"경영의,관리의"
958,dedication,헌신
959,unanimously,만장일치로
960,progress,"진행, 진척, 진전, 진보하다, 발전하다"
961,congratulate,축하하다
962,dismiss,"해임하다, 해고하다"
963,independence,독립성
964,participation,"참여, 참가, 가입"
965,praise,칭찬
966,accomplishment,"성과,업적"
967,deliberation,"토의, 심의, 숙고"
968,leadership,"리더십, 지도력"
969,retire,"퇴직하다, 은퇴하다"
970,nomination,"임명, 지명"
971,reorganize,"재편성하다, 재조직하다"
972,serve,"근무하다, 일하다"
973,encouragement,격려
974,resignation,"사임, 사직, 사직서"
975,strictly,엄격히
976,congestion,"(교통의)체증, 혼잡"
977,alleviate,완화하다
978,divert,"우회시키다, 다른 곳으로 돌리다"
979,detour,우회
980,fuel,연료
981,malfunction,"오작동, 기능불량"
982,permit,"허락하다, 허가증"
983,transportation,"교통(수단), 운송 수단"
984,opportunity,기회
985,clearly,명확히
986,ongoing,계속 진행 중인
987,detailed,상세한
988,alternative,"대안, 대체, 다른, 대신의"
989,obtain,"획득하다, 얻다"
990,designated,지정된
991,intersection,"교차로, 교차지점"
992,equip,"갖추다, 설비하다"
993,commute,통근하다
994,downtown,"시내에서, 도심지로"
995,automotive,자동차의
996,closure,폐쇄
997,vehicle,"차량, 운송 수단"
998,platform,승강장
999,official,"공무원, 관리, 공식적인"
1000,transit,"교통, 수송, 통과하다"
1001,fare,교통요금
1002,expense,"비용, 지출"
1003,trust,"신뢰, 신임, 믿다, 신뢰하다"
1004,head,"(~의 방향으로)나아가다, 향하게 하다"
1005,drive,"(차 등을)운전하다, 타고가다, 조종하다"
1006,fine,벌금
1007,pass,"지나가다, 통과하다"
1008,securely,"(매듭 등이)단단하게, 튼튼하게"
1009,prominently,"눈에 잘 띄게, 두드러지게"
1010,reserved,"예약된, 예약한; 지정된"
1011,average,"평균치, 평균"
1012,collision,충돌
1013,tow,견인하다
1014,reverse,"뒤의, 반대의"
1015,obstruct,"(전망 등을)가리다, 차단하다;(도로 등을)막다"
1016,delinquent,"(세금 등이)연체된, 미불의"
1017,overdue,"(지불,반납 등의)기한이 지난, 지불 기한이 넘은"
1018,regrettably,유감스럽게도
1019,balance,"잔고, 차감 잔액"
1020,deposit,"입금하다, 예금하다"
1021,investigation,조사 
1022,account,계좌; 설명; 고려
1023,statement,"명세서, 성명서"
1024,amount,"액수, 양"
1025,withdrawal,(예금의)인출
1026,previously,이전에
1027,due,"만기가 된, 지불 기일이 된;(금전 등이)~에게 마땅히 지급되어야 할"
1028,receive,"받다, 수취하다"
1029,expect,"예상하다, 기대하다"
1030,certificate,"증명서, 증서"
1031,document,"서류, 문서"
1032,spending,소비; 지출
1033,successfully,성공적으로
1034,bill,"~에게 청구서를 보내다, 청구서, 계산서"
1035,pleasure,"즐거움, 기쁜, 영광"
1036,study,연구
1037,summary,"요약, 개요"
1038,temporary,임시의
1039,lower,"(양,가격을)줄이다"
1040,transaction,"거래, 업무"
1041,double,두배로 만들다
1042,identification,"신분증, 신분 증명서"
1043,dissatisfaction,"불만, 불평"
1044,in common,"공통으로, 공동으로"
1045,interest,관심; 권리; 이자
1046,reject,"거절하다, 거부하다"
1047,relation,관계
1048,tentatively,"임시로, 시험적으로"
1049,alternatively,"그렇지 않으면, 그 대신에"
1050,attentive,"주의 깊은, 세심한"
1051,convert,"전환하다, 변환하다"
1052,heavily,"몹시, 심하게"
1053,loan,"대출, 대출금"
1054,unexpected,예기치 않은
1055,cash,현금으로 바꾸다
1056,mortgage,(담보)대출
1057,payable,지불해야 하는
1058,personal,개인의
1059,investment,"투자, 투자금"
1060,incrative,"수익성 있는, 돈벌이가 되는"
1061,inherently,본질적으로
1062,secure,"확보하다, 얻어 내다;안전하게 지키다, 고정시키다"
1063,foreseeable,예견할 수 있는
1064,innate,타고난
1065,property,재산
1066,on behalf of,~을 대신해서
1067,lease,임대차(계약)
1068,sponsor,"후원하다, 후원자"
1069,propose,제안하다
1070,support,"후원, 원조, 지지, 지원하다,후원하다; 살게하다,(생명, 기력 등을)유지하다"
1071,distributuion,"분배, 배급"
1072,consider,고려하다
1073,nearly,"거의, 대략"
1074,consent,"동의, 허락, 동의하다"
1075,gratitude,"고마움, 감사"
1076,consult,"상의하다, 상담하다"
1077,advice,"조언, 충고"
1078,partially,"부분적으로, 일부분은"
1079,evident,"분명한, 명백한,"
1080,reliability,"신뢰도, 믿음직함"
1081,cautious,"조심하는, 신중한"
1082,insight,"식견, 통찰력"
1083,portfolio,"포트폴리오, 투자 자산 구성"
1084,possible,"가능한, 있음직한"
1085,speculation,추측
1086,solely,"오로지, 혼자서, 전적으로"
1087,entrepreneur,사업가
1088,eventually,"결국, 마침내"
1089,shareholder,주주
1090,outlook,전망
1091,stability,"안정, 안정성"
1092,bond,채권
1093,depreciation,"가치 하락, 화폐의 구매력 저하"
1094,increasing,증가하는
1095,prevalent,"유행하고 있는, 널리 퍼진"
1096,rapid,"빠른, 신속한"
1097,unprecedented,전례 없는
1098,yield,"(이윤을) 가져오다, 산출하다"
1099,furnished,가구가 비치된
1100,residence,"거주지, 주택"
1101,spacious,(공간이)넓은
1102,drape,(방 등을 커튼 등으로)장식하다
1103,unoccupied,"(집 등이)비어 있는, 사람이 살지 않는"
1104,renovation,"수리, 개조"
1105,appropriate,"적당한, 적합한"
1106,delay,"연기하다, ~을 뒤로 미루다"
1107,community,"지역 사회, 공동체"
1108,construction,"건설, 건축"
1109,repair,수리하다
1110,currently,현재
1111,regularly,정기적으로
1112,arrange,"배열하다, 정돈하다"
1113,location,"장소, 위치"
1114,restore,"복구하다, 회복시키다"
1115,presently,현재
1116,numerous,많은
1117,abandon,그만두다; 버리다
1118,contractor,"계약자, 도급업자"
1119,develop,개발하다
1120,maintain,"유지하다, 관리하다"
1121,densely,"빽빽이, 밀집하여"
1122,prepare,"준비하다, 채비를 갖추다"
1123,finally,"결국, 마침내"
1124,district,"지역, 지구"
1125,renewal,재개발
1126,compulsory,의무적인
1127,interfere,"방해하다, 해치다"
1128,relocation,"이전, 재배치"
1129,totally,"완전히, 전적으로"
1130,actually,"실제로, 사실은"
1131,architect,건축가
1132,enlarge,"확장하다, 확대하다"
1133,install,"설치하다, 장치하다"
1134,permanent,영구적인
1135,suppose,"생각하다, 추측하다"
1136,adjacent,인접한
1137,consist,"구성되다, 이루어지다"
1138,utility,공공시설; 공공요금
1139,conserve,"보전하다, 유지하다"
1140,chance,"가능성, 기회"
1141,forecast,(날씨의)예보
1142,waste,"쓰레기, 폐기물"
1143,dispose,"처분하다, 처리하다"
1144,recycling,재활용
1145,clear,"맑게 갠; 명백한, 분명한또렷하게, 완전히; 떨어져서"
1146,damage,"피해, 손해, 손상시키다"
1147,significant,"상당한; 중대한, 중요한"
1148,solution,해결책
1149,occur,"(일이)발생하다, 생기다"
1150,ideal,이상적인
1151,preserve,"보존하다, 보호하다"
1152,aid,"원조, 돕다"
1153,excessive,"지나친, 과도한"
1154,intensively,집중적으로
1155,vary,"다르다, 다양하다"
1156,pleasing,"즐거운, 기분 좋은, 만족스러운"
1157,mark,"점수, 평점, 표시, 축하하다"
1158,inaccessible,"접근이 불가능한, 이용이 불가능한"
1159,disturb,방해하다
1160,pollutant,오염물질
1161,emission,"배기가스, 방출"
1162,dense,"빽빽한, 밀집한"
1163,environmental,환경적인
1164,consistent,"일치하는, 지속적인, 한결같은"
1165,leak,"누출, 누출량"
1166,organization,단체
1167,continually,계속해서
1168,contaminate,오염시키다
1169,disaster,재난
1170,discharge,방출하다
1171,resource,"자원, 자료"
1172,prominent,"유명한, 두드러진"
1173,deplete,고갈시키다
1174,purify,정화시키다
1175,endangered,멸종 위기에 처한
1176,extinction,멸종
1177,drought,가뭄
1178,inflict,"(고통,피해를)입히다, 가하다"
1179,migration,"이동, 이주"
1180,ecology,"생태, 자연환경"
1181,habitat,"(동, 식물의)서식지"
1182,fatigue,피로
1183,checkup,건강 진단
1184,symtom,증상
1185,physician,내과의사
1186,diagnosis,진단
1187,prescribe,"(약을)처방하다, 규정하다"
1188,recovery,"회복, 쾌유"
1189,recognize,"인정하다, 알아보다"
1190,join,~에 가입하다
1191,comprehensive,"종합적인, 포괄적인"
1192,participate,"참여하다, 참가하다"
1193,recommend,"권고하다, 추천하다"
1194,necessary,필요한
1195,ability,능력
1196,operation,수술
1197,cleanliness,청결
1198,duration,"지속 기간, 지속"
1199,examination,"진찰, 검사"
1200,eliminate,제거하다
1201,easily,쉽게
1202,dental,치과의
1203,dietary,"식이 요법의, 규정식의"
1204,related,관련된
1205,transmit,전염시키다
1206,periodically,주기적으로
1207,reaction,반응
1208,simple,단순한
1209,coverage,"(보험의)보상 범위; (신문 등의)보도, 취재범위"
1210,exposure,노출
1211,pharmaceutical,"제약의, 약학의"
1212,premium,보험료
1213,relieve,완화시키다
1214,combination,"결합, 연합"
1215,conscious,"알고 있는, 자각하고 있는"
1216,deprivation,"박탈, 상실"
1217,health,"건강; (사회,기관의,)번영,안녕"
1218,induce,유발하다 
1219,insurance,보험
1220,nutrition,영양
1221,prevention,예방
1222,susceptible,"~에 감염되기 쉬운, 영향 받기 쉬운"
